"ELEMENT_GLOBAL_ID","PREDECESSOR_ID","predecessorCode","predecessorName","predecessorSciName","predecessorColloquialName","lineageDate","lineageNote","lineageAuthorizedBy"
687083,683761,"CEGL001007","Artemisia tridentata / Pascopyrum smithii Shrub Herbaceous Vegetation","<i>Artemisia tridentata / Pascopyrum smithii</i> Shrub Herbaceous Vegetation","Big Sagebrush / Western Wheatgrass Shrub Grassland",2018-06-01 09:30:46,"CEGL001007 covered by CEGL001017 (CO, ID?, MT, NV, OR?, UT, WA?, WY), CEGL001028 (CO, MT, UT, WY) and CEGL001047 (CO, ID, MT, ND, WY).",""
686628,683761,"CEGL001007","Artemisia tridentata / Pascopyrum smithii Shrub Herbaceous Vegetation","<i>Artemisia tridentata / Pascopyrum smithii</i> Shrub Herbaceous Vegetation","Big Sagebrush / Western Wheatgrass Shrub Grassland",2018-06-01 12:00:00,"CEGL001007 covered by CEGL001017 (CO, ID?, MT, NV, OR?, UT, WA?, WY), CEGL001028 (CO, MT, UT, WY) and CEGL001047 (CO, ID, MT, ND, WY).",""
684272,683761,"CEGL001007","Artemisia tridentata / Pascopyrum smithii Shrub Herbaceous Vegetation","<i>Artemisia tridentata / Pascopyrum smithii</i> Shrub Herbaceous Vegetation","Big Sagebrush / Western Wheatgrass Shrub Grassland",2018-06-01 12:00:00,"CEGL001007 covered by CEGL001017 (CO, ID?, MT, NV, OR?, UT, WA?, WY), CEGL001028 (CO, MT, UT, WY) and CEGL001047 (CO, ID, MT, ND, WY).",""
942444,683259,"CEGL000498","Tsuga heterophylla - Picea sitchensis Forest","<i>Tsuga heterophylla - Picea sitchensis</i> Forest","",2017-01-30 12:00:00,"CEGL000498 split/merged into CEGL002789 (PNWCOAST_069), CEGL002824 (PNWCOAST_057), CEGL002834 (PNWCOAST_252), CEGL003256 (PNWCOAST_080), CEGL003261 (PNWCOAST_082), CEGL003262 (PNWCOAST_084), CEGL003265 (PNWCOAST_083), CEGL003787 (PNWCOAST_075), CEGL005529 (PNWCOAST_073), CEGL005530 (PNWCOAST_077), CEGL007311 (PNWCOAST_081)","Coastal Correlation"
942442,683259,"CEGL000498","Tsuga heterophylla - Picea sitchensis Forest","<i>Tsuga heterophylla - Picea sitchensis</i> Forest","",2017-01-12 12:00:00,"CEGL000498 split/merged into CEGL002789 (PNWCOAST_069), CEGL002824 (PNWCOAST_057), CEGL002834 (PNWCOAST_252), CEGL003256 (PNWCOAST_080), CEGL003261 (PNWCOAST_082), CEGL003262 (PNWCOAST_084), CEGL003265 (PNWCOAST_083), CEGL003787 (PNWCOAST_075), CEGL005529 (PNWCOAST_073), CEGL005530 (PNWCOAST_077), CEGL007311 (PNWCOAST_081)","Coastal Correlation"
684062,683259,"CEGL000498","Tsuga heterophylla - Picea sitchensis Forest","<i>Tsuga heterophylla - Picea sitchensis</i> Forest","",2017-01-30 12:00:00,"CEGL000498 split/merged into CEGL002789 (PNWCOAST_069), CEGL002824 (PNWCOAST_057), CEGL002834 (PNWCOAST_252), CEGL003256 (PNWCOAST_080), CEGL003261 (PNWCOAST_082), CEGL003262 (PNWCOAST_084), CEGL003265 (PNWCOAST_083), CEGL003787 (PNWCOAST_075), CEGL005529 (PNWCOAST_073), CEGL005530 (PNWCOAST_077), CEGL007311 (PNWCOAST_081)","Coastal Correlation"
687279,683259,"CEGL000498","Tsuga heterophylla - Picea sitchensis Forest","<i>Tsuga heterophylla - Picea sitchensis</i> Forest","",2017-01-30 12:00:00,"CEGL000498 split/merged into CEGL002789 (PNWCOAST_069), CEGL002824 (PNWCOAST_057), CEGL002834 (PNWCOAST_252), CEGL003256 (PNWCOAST_080), CEGL003261 (PNWCOAST_082), CEGL003262 (PNWCOAST_084), CEGL003265 (PNWCOAST_083), CEGL003787 (PNWCOAST_075), CEGL005529 (PNWCOAST_073), CEGL005530 (PNWCOAST_077), CEGL007311 (PNWCOAST_081)","Coastal Correlation"
686625,683259,"CEGL000498","Tsuga heterophylla - Picea sitchensis Forest","<i>Tsuga heterophylla - Picea sitchensis</i> Forest","",2017-01-30 12:00:00,"CEGL000498 split/merged into CEGL002789 (PNWCOAST_069), CEGL002824 (PNWCOAST_057), CEGL002834 (PNWCOAST_252), CEGL003256 (PNWCOAST_080), CEGL003261 (PNWCOAST_082), CEGL003262 (PNWCOAST_084), CEGL003265 (PNWCOAST_083), CEGL003787 (PNWCOAST_075), CEGL005529 (PNWCOAST_073), CEGL005530 (PNWCOAST_077), CEGL007311 (PNWCOAST_081)","Coastal Correlation"
688210,683259,"CEGL000498","Tsuga heterophylla - Picea sitchensis Forest","<i>Tsuga heterophylla - Picea sitchensis</i> Forest","",2017-01-30 12:00:00,"CEGL000498 split/merged into CEGL002789 (PNWCOAST_069), CEGL002824 (PNWCOAST_057), CEGL002834 (PNWCOAST_252), CEGL003256 (PNWCOAST_080), CEGL003261 (PNWCOAST_082), CEGL003262 (PNWCOAST_084), CEGL003265 (PNWCOAST_083), CEGL003787 (PNWCOAST_075), CEGL005529 (PNWCOAST_073), CEGL005530 (PNWCOAST_077), CEGL007311 (PNWCOAST_081)","Coastal Correlation"
787976,684665,"CEGL003361","Populus balsamifera ssp. trichocarpa - Alnus rubra / Carex obnupta Riparian Woodland","<i>Populus balsamifera ssp. trichocarpa - Alnus rubra / Carex obnupta</i> Riparian Woodland","",2017-01-31 12:00:00,"","Coastal Correlation"
979503,684893,"CEGL000421","Pseudotsuga menziesii - Arbutus menziesii / Gaultheria shallon Forest","<i>Pseudotsuga menziesii - Arbutus menziesii / Gaultheria shallon</i> Forest","",2017-01-17 12:00:00,"","Coastal Correlation"
686562,948017,"CEGL005608","Pseudoroegneria spicata - Poa secunda - Balsamorhiza sagittata Grassland","<i>Pseudoroegneria spicata - Poa secunda - Balsamorhiza sagittata</i> Grassland","",2017-03-07 12:00:00,"CEGL005608 merged into CEGL001662","M. Reid"
942421,685172,"CEGL000100","Tsuga heterophylla / Gaultheria shallon Forest","<i>Tsuga heterophylla / Gaultheria shallon</i> Forest","Western Hemlock / Salal",2017-01-31 12:00:00,"CEGL000100 split into CEGL002778 (PNWCOAST_272) (BC, WA), CEGL007333 (PNWCOAST_183) (WA), CEGL007301 (PNWCOAST_222) (WA) &amp; CEGL005549 (PNWCOAST_221-234) (WA) &amp; split/lumped into CEGL005536 (PNWCOAST_182) (BC, OR, WA) &amp; CEGL005539 (PNWCOAST_186) (BC, CA, OR, WA)","Coastal Correlation"
979448,685172,"CEGL000100","Tsuga heterophylla / Gaultheria shallon Forest","<i>Tsuga heterophylla / Gaultheria shallon</i> Forest","Western Hemlock / Salal",2017-01-12 12:00:00,"CEGL000100 split into CEGL002778 (PNWCOAST_272) (BC, WA), CEGL007333 (PNWCOAST_183) (WA), CEGL007301 (PNWCOAST_222) (WA) &amp; CEGL005549 (PNWCOAST_221-234) (WA) &amp; split/lumped into CEGL005536 (PNWCOAST_182) (BC, OR, WA) &amp; CEGL005539 (PNWCOAST_186) (BC, CA, OR, WA)","Coastal Correlation"
979506,685172,"CEGL000100","Tsuga heterophylla / Gaultheria shallon Forest","<i>Tsuga heterophylla / Gaultheria shallon</i> Forest","Western Hemlock / Salal",2017-01-12 12:00:00,"CEGL000100 split into CEGL002778 (PNWCOAST_272) (BC, WA), CEGL007333 (PNWCOAST_183) (WA), CEGL007301 (PNWCOAST_222) (WA) &amp; CEGL005549 (PNWCOAST_221-234) (WA) &amp; split/lumped into CEGL005536 (PNWCOAST_182) (BC, OR, WA) &amp; CEGL005539 (PNWCOAST_186) (BC, CA, OR, WA)","Coastal Correlation"
942447,685172,"CEGL000100","Tsuga heterophylla / Gaultheria shallon Forest","<i>Tsuga heterophylla / Gaultheria shallon</i> Forest","Western Hemlock / Salal",2017-01-31 12:00:00,"CEGL000100 split into CEGL002778 (PNWCOAST_272) (BC, WA), CEGL007333 (PNWCOAST_183) (WA), CEGL007301 (PNWCOAST_222) (WA) &amp; CEGL005549 (PNWCOAST_221-234) (WA) &amp; split/lumped into CEGL005536 (PNWCOAST_182) (BC, OR, WA) &amp; CEGL005539 (PNWCOAST_186) (BC, CA, OR, WA)","Coastal Correlation"
942458,685172,"CEGL000100","Tsuga heterophylla / Gaultheria shallon Forest","<i>Tsuga heterophylla / Gaultheria shallon</i> Forest","Western Hemlock / Salal",2017-01-12 12:00:00,"CEGL000100 split into CEGL002778 (PNWCOAST_272) (BC, WA), CEGL007333 (PNWCOAST_183) (WA), CEGL007301 (PNWCOAST_222) (WA) &amp; CEGL005549 (PNWCOAST_221-234) (WA) &amp; split/lumped into CEGL005536 (PNWCOAST_182) (BC, OR, WA) &amp; CEGL005539 (PNWCOAST_186) (BC, CA, OR, WA)","Coastal Correlation"
686178,686247,"CEGL001844","Scirpus tabernaemontani - Typha latifolia Herbaceous Vegetation","<i>Scirpus tabernaemontani - Typha latifolia</i> Herbaceous Vegetation","",2016-11-01 12:00:00,"CEGL001844 split/lumped into CEGL002623 (Scirpus portion) (AB, BC, CA, CO, ID, MT, OR, WA, WY) &amp; CEGL002010 (Typha portion) (AB, AZ, BC, CA, CO, ID, MT, NE, NM, NV, OR, UT, WA, WY)",""
979555,686015,"CEGL003208","Tsuga mertensiana - Chamaecyparis nootkatensis / Vaccinium ovalifolium Forest","<i>Tsuga mertensiana - Chamaecyparis nootkatensis / Vaccinium ovalifolium</i> Forest","",2017-02-03 12:00:00,"","Coastal Correlation"
979484,685417,"CEGL003223","Tsuga heterophylla - Thuja plicata / Vaccinium ovalifolium / Lysichiton americanus Swamp Forest","<i>Tsuga heterophylla - Thuja plicata / Vaccinium ovalifolium / Lysichiton americanus</i> Swamp Forest","",2017-01-31 12:00:00,"","Coastal Correlation"
979555,687294,"CEGL003218","Tsuga mertensiana - Tsuga heterophylla / Vaccinium ovalifolium Forest","<i>Tsuga mertensiana - Tsuga heterophylla / Vaccinium ovalifolium</i> Forest","",2017-02-03 12:00:00,"","Coastal Correlation"
979484,685964,"CEGL000223","Abies amabilis / Lysichiton americanus Swamp Forest","<i>Abies amabilis / Lysichiton americanus</i> Swamp Forest","",2017-01-17 12:00:00,"","Coastal Correlation"
1131907,686101,"CEGL002256","Carex lacustris Midwest Wet Meadow","<i>Carex lacustris</i> Midwest Wet Meadow","Midwest Lake Sedge Wet Meadow",2020-02-10 12:00:00,"NVC117 WV VA carex types: the WV portions of CEGL002256 and CEGL002257 were removed and used to create CEGL008287.","D. Faber-Langendoen"
1228073,686606,"CEGL003226","Tsuga heterophylla - Thuja plicata / Vaccinium ovalifolium - Gaultheria shallon / Lysichiton americanus Woodland","<i>Tsuga heterophylla - Thuja plicata / Vaccinium ovalifolium - Gaultheria shallon / Lysichiton americanus</i> Woodland","",2022-02-08 12:00:00,"NVC159","T. Ramm-Granberg"
685066,686869,"CEGL002190","Cephalanthus occidentalis / Carex spp. Midwest Shrub Swamp","<i>Cephalanthus occidentalis / Carex</i> spp. Midwest Shrub Swamp","Midwest Buttonbush Shrub Swamp",2019-02-12 12:00:00,"CEGL006069 (northeastern) was incorrectly subsumed as part of CEGL002190 (midwestern) for many years.","D. Faber-Langendoen"
979552,687467,"CEGL003211","Tsuga mertensiana - Chamaecyparis nootkatensis / Vaccinium ovalifolium - Gaultheria shallon Woodland","<i>Tsuga mertensiana - Chamaecyparis nootkatensis / Vaccinium ovalifolium - Gaultheria shallon</i> Woodland","",2017-02-02 12:00:00,"","Coastal Correlation"
979461,687720,"CEGL000059","Picea sitchensis / Polystichum munitum Forest","<i>Picea sitchensis / Polystichum munitum</i> Forest","",2017-01-13 12:00:00,"CEGL000059 split/lumped into CEGL003787 (derived from CEGL000059 &amp; CEGL000498) (BC, OR, WA) &amp; part with PSME into CEGL007308 (PNWCOAST_066) (OR, WA)","Coastal Correlation"
979445,687721,"CEGL000060","Picea sitchensis / Rubus spectabilis Riparian Forest","<i>Picea sitchensis / Rubus spectabilis</i> Riparian Forest","",2017-01-17 12:00:00,"CEGL000060 (part with PSME) split into CEGL007309 (PNWCOAST_067) (OR) &amp; CEGL007297 (PNWCOAST_317) (BC, OR, WA)","Coastal Correlation"
979465,687721,"CEGL000060","Picea sitchensis / Rubus spectabilis Riparian Forest","<i>Picea sitchensis / Rubus spectabilis</i> Riparian Forest","",2017-01-17 12:00:00,"CEGL000060 (part with PSME) split into CEGL007309 (PNWCOAST_067) (OR) &amp; CEGL007297 (PNWCOAST_317) (BC, OR, WA)","Coastal Correlation"
979558,687735,"CEGL000505","Tsuga mertensiana / Luzula glabrata var. hitchcockii Forest","<i>Tsuga mertensiana / Luzula glabrata var. hitchcockii</i> Forest","",2017-02-03 12:00:00,"","G. Kittel"
979552,687943,"CEGL003214","Tsuga mertensiana - Chamaecyparis nootkatensis / Gaultheria shallon Woodland","<i>Tsuga mertensiana - Chamaecyparis nootkatensis / Gaultheria shallon</i> Woodland","",2017-02-02 12:00:00,"","Coastal Correlation"
687100,688528,"CEGL002959","Forestiera pubescens Mojave Desert Wet Shrubland","<i>Forestiera pubescens</i> Mojave Desert Wet Shrubland","",2017-01-20 12:00:00,"CEGL002959 merged into CEGL001168","K. Schulz"
971702,687871,"CEGL001263","Larrea tridentata - Atriplex confertifolia Shrubland","<i>Larrea tridentata - Atriplex confertifolia</i> Shrubland","",2016-11-30 12:00:00,"CEGL001263 is a duplicate of CEGL005757","K. Schulz"
1131907,688756,"CEGL002257","Carex utriculata - Carex stricta - Carex lacustris - Carex vesicaria Wet Meadow","<i>Carex utriculata</i> - <i>Carex stricta</i> - <i>Carex lacustris</i> - <i>Carex vesicaria</i> Wet Meadow","Laurentian-Acadian Sedge Meadow",2020-02-10 12:00:00,"NVC117 WV VA carex types: the WV portions of CEGL002256 and CEGL002257 were removed and used to create CEGL008287.","D. Faber-Langendoen"
942470,689180,"CEGL000499","Tsuga heterophylla / Xerophyllum tenax Forest","<i>Tsuga heterophylla / Xerophyllum tenax</i> Forest","",2017-01-12 12:00:00,"","Coastal Correlation"
979451,689874,"CEGL000116","Tsuga heterophylla / Tiarella trifoliata - Gymnocarpium dryopteris Forest","<i>Tsuga heterophylla / Tiarella trifoliata - Gymnocarpium dryopteris</i> Forest","",2017-01-17 12:00:00,"","Coastal Correlation"
979430,689874,"CEGL000116","Tsuga heterophylla / Tiarella trifoliata - Gymnocarpium dryopteris Forest","<i>Tsuga heterophylla / Tiarella trifoliata - Gymnocarpium dryopteris</i> Forest","",2017-01-17 12:00:00,"","Coastal Correlation"
979541,689378,"CEGL002616","Pseudotsuga menziesii / Corylus cornuta / Polystichum munitum Forest","<i>Pseudotsuga menziesii / Corylus cornuta / Polystichum munitum</i> Forest","",2017-02-02 12:00:00,"","Coastal Correlation"
979517,689955,"CEGL000425","Pseudotsuga menziesii / Arctostaphylos uva-ursi Cascadian Forest","<i>Pseudotsuga menziesii / Arctostaphylos uva-ursi</i> Cascadian Forest","",2017-02-06 12:00:00,"","Coastal Correlation"
685319,792000,"CEGL003780","Salix lutea Wet Shrubland","<i>Salix lutea</i> Wet Shrubland","",2018-03-20 12:00:00,"","K. Schulz"
979410,687544,"CEGL000330","Abies lasiocarpa / Rhododendron albiflorum Woodland","<i>Abies lasiocarpa / Rhododendron albiflorum</i> Woodland","",2017-01-14 12:00:00,"","Coastal Correlation"
979417,687544,"CEGL000330","Abies lasiocarpa / Rhododendron albiflorum Woodland","<i>Abies lasiocarpa / Rhododendron albiflorum</i> Woodland","",2017-01-14 12:00:00,"","Coastal Correlation"
1085061,833245,"G246","Colorado Plateau-Great Basin Juniper Open Woodland","<i>Juniperus osteosperma</i> Open Woodland Group","Colorado Plateau-Great Basin Juniper Open Woodland",2019-01-10 12:00:00,"","D. Faber-Langendoen"
1085055,833245,"G246","Colorado Plateau-Great Basin Juniper Open Woodland","<i>Juniperus osteosperma</i> Open Woodland Group","Colorado Plateau-Great Basin Juniper Open Woodland",2019-01-10 12:00:00,"","D. Faber-Langendoen"
1085061,833246,"G247","Great Basin Pinyon - Juniper Woodland","<i>Pinus monophylla - Juniperus osteosperma</i> Woodland Group","Great Basin Pinyon - Juniper Woodland",2019-01-10 12:00:00,"","D. Faber-Langendoen"
1085055,833246,"G247","Great Basin Pinyon - Juniper Woodland","<i>Pinus monophylla - Juniperus osteosperma</i> Woodland Group","Great Basin Pinyon - Juniper Woodland",2019-01-10 12:00:00,"","D. Faber-Langendoen"
1085055,833249,"G250","Colorado Plateau Pinyon - Juniper Woodland","<i>Pinus edulis - Juniperus osteosperma</i> Woodland Group","Colorado Plateau Pinyon - Juniper Woodland",2019-01-10 12:00:00,"","D. Faber-Langendoen"
1085061,833249,"G250","Colorado Plateau Pinyon - Juniper Woodland","<i>Pinus edulis - Juniperus osteosperma</i> Woodland Group","Colorado Plateau Pinyon - Juniper Woodland",2019-01-10 12:00:00,"","D. Faber-Langendoen"
1041490,833266,"G245","North Pacific Mountain Hemlock - Silver Fir Forest & Tree Island","<i>Tsuga mertensiana - Abies amabilis - Callitropsis nootkatensis</i> Forest Group","North Pacific Mountain Hemlock - Silver Fir Forest & Tree Island",2018-05-15 12:00:00,"","D. Faber-Langendoen"
1041496,833266,"G245","North Pacific Mountain Hemlock - Silver Fir Forest & Tree Island","<i>Tsuga mertensiana - Abies amabilis - Callitropsis nootkatensis</i> Forest Group","North Pacific Mountain Hemlock - Silver Fir Forest & Tree Island",2018-05-15 12:00:00,"","D. Faber-Langendoen"
1298937,860211,"C02","Shrub & Herb Vegetation","Mesomorphic Shrub & Herb Vegetation Class","Shrub & Herb Vegetation",2024-01-23 12:00:00,"","D. Faber-Langendoen"
1298934,860211,"C02","Shrub & Herb Vegetation","Mesomorphic Shrub & Herb Vegetation Class","Shrub & Herb Vegetation",2024-01-23 12:00:00,"","D. Faber-Langendoen"
1298930,860211,"C02","Shrub & Herb Vegetation","Mesomorphic Shrub & Herb Vegetation Class","Shrub & Herb Vegetation",2024-01-23 12:00:00,"","D. Faber-Langendoen"
1298935,860211,"C02","Shrub & Herb Vegetation","Mesomorphic Shrub & Herb Vegetation Class","Shrub & Herb Vegetation",2024-01-23 12:00:00,"","D. Faber-Langendoen"
1298939,860211,"C02","Shrub & Herb Vegetation","Mesomorphic Shrub & Herb Vegetation Class","Shrub & Herb Vegetation",2024-01-23 12:00:00,"","D. Faber-Langendoen"
1298929,860211,"C02","Shrub & Herb Vegetation","Mesomorphic Shrub & Herb Vegetation Class","Shrub & Herb Vegetation",2024-01-23 12:00:00,"","D. Faber-Langendoen"
1298938,860214,"C05","Aquatic Vegetation","Hydromorphic Vegetation Class","Aquatic Vegetation",2024-01-23 12:00:00,"","D. Faber-Langendoen"
1298934,860214,"C05","Aquatic Vegetation","Hydromorphic Vegetation Class","Aquatic Vegetation",2024-01-23 12:00:00,"","D. Faber-Langendoen"
1298937,860217,"C01","Forest & Woodland","Mesomorphic Tree Vegetation Class","Forest & Woodland",2024-01-23 12:00:00,"","D. Faber-Langendoen"
1298934,860217,"C01","Forest & Woodland","Mesomorphic Tree Vegetation Class","Forest & Woodland",2024-01-23 12:00:00,"","D. Faber-Langendoen"
1298928,860217,"C01","Forest & Woodland","Mesomorphic Tree Vegetation Class","Forest & Woodland",2024-01-23 12:00:00,"","D. Faber-Langendoen"
1298927,860217,"C01","Forest & Woodland","Mesomorphic Tree Vegetation Class","Forest & Woodland",2024-01-23 12:00:00,"","D. Faber-Langendoen"
1298963,860222,"S13","Freshwater Aquatic Vegetation","Freshwater Aquatic Vegetation Subclass","Freshwater Aquatic Vegetation",2024-01-23 12:00:00,"","D. Faber-Langendoen"
1298943,860224,"S06","Warm Desert & Semi-Desert Woodland, Scrub & Grassland","Warm Desert & Semi-Desert Woodland, Scrub & Grassland Subclass","Warm Desert & Semi-Desert Woodland, Scrub & Grassland",2024-01-23 12:00:00,"","D. Faber-Langendoen"
1298953,860224,"S06","Warm Desert & Semi-Desert Woodland, Scrub & Grassland","Warm Desert & Semi-Desert Woodland, Scrub & Grassland Subclass","Warm Desert & Semi-Desert Woodland, Scrub & Grassland",2024-01-23 12:00:00,"largely equivalent","D. Faber-Langendoen"
1298944,860227,"S15","Temperate & Boreal Forest & Woodland","Temperate &amp; Boreal Forest &amp; Woodland Subclass","Temperate & Boreal Forest & Woodland",2024-01-23 12:00:00,"","D. Faber-Langendoen"
1298945,860227,"S15","Temperate & Boreal Forest & Woodland","Temperate &amp; Boreal Forest &amp; Woodland Subclass","Temperate & Boreal Forest & Woodland",2024-01-23 12:00:00,"","D. Faber-Langendoen"
1333041,860227,"S15","Temperate & Boreal Forest & Woodland","Temperate &amp; Boreal Forest &amp; Woodland Subclass","Temperate & Boreal Forest & Woodland",2024-12-06 12:00:00,"","D. Faber-Langendoen"
1298960,860227,"S15","Temperate & Boreal Forest & Woodland","Temperate &amp; Boreal Forest &amp; Woodland Subclass","Temperate & Boreal Forest & Woodland",2024-01-23 12:00:00,"","D. Faber-Langendoen"
1298928,860227,"S15","Temperate & Boreal Forest & Woodland","Temperate &amp; Boreal Forest &amp; Woodland Subclass","Temperate & Boreal Forest & Woodland",2024-01-23 12:00:00,"largely equivalent","D. Faber-Langendoen"
1298952,860228,"S11","Cool Semi-Desert Scrub & Grassland","Cool Semi-Desert Scrub & Grassland Subclass","Cool Semi-Desert Scrub & Grassland",2024-01-23 12:00:00,"largely equivalent","D. Faber-Langendoen"
1298955,860229,"S12","Temperate to Polar Alpine & Tundra Vegetation","Temperate to Polar Alpine &amp; Tundra Vegetation Subclass","Temperate to Polar Alpine & Tundra Vegetation",2024-01-23 12:00:00,"same concept","D. Faber-Langendoen"
1298951,860230,"S04","Temperate & Boreal Open Rock Vegetation","Temperate &amp; Boreal Open Rock Vegetation Subclass","Temperate & Boreal Open Rock Vegetation",2024-01-23 12:00:00,"same concept","D. Faber-Langendoen"
1299005,860237,"F036","Boreal Flooded & Swamp Forest","Boreal Flooded & Swamp Forest Formation","Boreal Flooded & Swamp Forest",2024-01-23 12:00:00,"merge of 1.B.3 and 1.B.5","D. Faber-Langendoen"
1299015,860239,"F006","Mangrove","Mangrove Ecobiome","Mangrove",2024-01-23 12:00:00,"same concept","D. Faber-Langendoen"
1085069,838641,"M027","Southern Rocky Mountain-Colorado Plateau Two-needle Pinyon - Juniper Woodland","<i>Pinus edulis - Juniperus monosperma</i> Southern Rocky Mountain-Colorado Plateau Woodland Macrogroup","Southern Rocky Mountain-Colorado Plateau Two-needle Pinyon - Juniper Woodland",2019-01-10 12:00:00,"","D. Faber-Langendoen"
1298985,860244,"F011","Tropical Cliff, Scree & Other Rock Vegetation","Tropical Cliff, Scree & Other Rock Vegetation Formation","Tropical Cliff, Scree & Other Rock Vegetation",2024-01-23 12:00:00,"same concept","D. Faber-Langendoen"
1298984,860246,"F019","Tropical Lowland Grassland, Savanna & Shrubland","Tropical Lowland Grassland, Savanna & Shrubland Formation","Tropical Lowland Grassland, Savanna & Shrubland",2024-01-23 12:00:00,"","D. Faber-Langendoen"
1298983,860246,"F019","Tropical Lowland Grassland, Savanna & Shrubland","Tropical Lowland Grassland, Savanna & Shrubland Formation","Tropical Lowland Grassland, Savanna & Shrubland",2024-01-23 12:00:00,"","D. Faber-Langendoen"
1298996,860248,"F031","Polar Tundra & Barrens","Polar Tundra &amp; Barrens Formation","Polar Tundra & Barrens",2024-01-23 12:00:00,"","D. Faber-Langendoen"
1298992,860252,"F015","Warm Desert & Semi-Desert Scrub & Grassland","Warm Desert & Semi-Desert Scrub & Grassland Formation","Warm Desert & Semi-Desert Scrub & Grassland",2024-01-23 12:00:00,"split of 3.A.2","D. Faber-Langendoen"
1298971,860256,"F020","Tropical Lowland Humid Forest","Tropical Lowland Humid Forest Formation","Tropical Lowland Humid Forest",2024-01-23 12:00:00,"essentially the same concept","D. Faber-Langendoen"
1298998,860258,"F022","Tropical High Montane Scrub & Grassland","Tropical High Montane Scrub & Grassland Formation","Tropical High Montane Scrub & Grassland",2024-01-23 12:00:00,"same concept","D. Faber-Langendoen"
1299005,860261,"F026","Temperate Flooded & Swamp Forest","Temperate Flooded & Swamp Forest Formation","Temperate Flooded & Swamp Forest",2024-01-23 12:00:00,"merge of 1.B.3 and 1.B.5","D. Faber-Langendoen"
1298972,860262,"F004","Tropical Montane Humid Forest","Tropical Montane Humid Forest Formation","Tropical Montane Humid Forest",2024-01-23 12:00:00,"same concept","D. Faber-Langendoen"
1298990,860263,"F034","Temperate & Boreal Cliff, Scree & Other Rock Vegetation","Temperate & Boreal Cliff, Scree & Other Rock Vegetation Formation","Temperate & Boreal Cliff, Scree & Other Rock Vegetation",2024-01-23 12:00:00,"same concept","D. Faber-Langendoen"
1299004,860267,"F029","Tropical Flooded & Swamp Forest","Tropical Flooded & Swamp Forest Formation","Tropical Flooded & Swamp Forest",2024-01-23 12:00:00,"same concept","D. Faber-Langendoen"
1299016,860269,"F035","Salt Marsh","Salt Marsh Formation","Salt Marsh",2024-01-23 12:00:00,"split of 2.C.5","D. Faber-Langendoen"
1299008,860269,"F035","Salt Marsh","Salt Marsh Formation","Salt Marsh",2024-01-23 12:00:00,"split of 2.C.5","D. Faber-Langendoen"
1298974,860270,"F003","Tropical Dry Forest & Woodland","Tropical Dry Forest &amp; Woodland Formation","Tropical Dry Forest & Woodland",2024-01-23 12:00:00,"same concept","D. Faber-Langendoen"
1298987,860273,"F038","Mediterranean Scrub & Grassland","Mediterranean Scrub & Grassland Formation","Mediterranean Scrub & Grassland",2024-01-23 12:00:00,"largely equivalent","D. Faber-Langendoen"
1159091,837077,"G087","Eastern Subalpine Shrub - Herb Vegetation","<i>Kalmia angustifolia - Rhododendron canadense - Vaccinium uliginosum</i> Shrub - Herb Vegetation Group","Eastern Subalpine Shrub - Herb Vegetation",2021-01-19 12:00:00,"","D. Faber-Langendoen"
1041514,849268,"G254","North Pacific Lowland Riparian Forest & Woodland","<i>Picea sitchensis - Populus balsamifera ssp. trichocarpa - Alnus rubra</i> Lowland Riparian Forest & Woodland Group","North Pacific Lowland Riparian Forest & Woodland",2018-05-15 12:00:00,"","D. Faber-Langendoen"
1041506,849268,"G254","North Pacific Lowland Riparian Forest & Woodland","<i>Picea sitchensis - Populus balsamifera ssp. trichocarpa - Alnus rubra</i> Lowland Riparian Forest & Woodland Group","North Pacific Lowland Riparian Forest & Woodland",2018-05-15 12:00:00,"","D. Faber-Langendoen"
1093904,836850,"G167","Eastern North American Shrub Swamp","<i>Alnus incana - Cornus</i> spp. - <i>Cephalanthus occidentalis</i> Shrub Swamp Group","Eastern North American Shrub Swamp",2019-02-05 12:00:00,"","D. Faber-Langendoen"
1093866,836850,"G167","Eastern North American Shrub Swamp","<i>Alnus incana - Cornus</i> spp. - <i>Cephalanthus occidentalis</i> Shrub Swamp Group","Eastern North American Shrub Swamp",2019-02-05 12:00:00,"","D. Faber-Langendoen"
858623,836850,"G167","Eastern North American Shrub Swamp","<i>Alnus incana - Cornus</i> spp. - <i>Cephalanthus occidentalis</i> Shrub Swamp Group","Eastern North American Shrub Swamp",2019-02-05 12:00:00,"","D. Faber-Langendoen"
1344241,860763,"G371","North American Arctic & Subarctic Tussock Tundra","<i>Eriophorum vaginatum - Carex bigelowii</i> Arctic &amp; Subarctic Tussock Tundra Group","North American Arctic & Subarctic Tussock Tundra",2025-03-05 12:00:00,"","D. Faber-Langendoen"
860776,860788,"G441","Hawaiian Ruderal Dry-Site Lava Flow","Hawaiian Ruderal Dry-Site Lava Flow Group","Hawaiian Ruderal Dry-Site Lava Flow",2016-05-26 12:00:00,"","G. Kittel"
1042040,860771,"G365","North American Arctic & Subarctic Lichen - Sparse Dwarf-shrub Tundra","Lichen - <i>Dryas octopetala - Empetrum nigrum</i> Tundra Group","North American Arctic & Subarctic Lichen - Sparse Dwarf-shrub Tundra",2018-05-17 12:00:00,"","D. Faber-Langendoen"
1042030,860771,"G365","North American Arctic & Subarctic Lichen - Sparse Dwarf-shrub Tundra","Lichen - <i>Dryas octopetala - Empetrum nigrum</i> Tundra Group","North American Arctic & Subarctic Lichen - Sparse Dwarf-shrub Tundra",2018-05-17 12:00:00,"","D. Faber-Langendoen"
1042070,860821,"G367","North American Arctic & Subarctic Ericaceous Dwarf-shrub Tundra","<i>Ledum palustre ssp. decumbens - Cassiope tetragona - Vaccinium vitis-idaea</i> Dwarf-shrub Tundra Group","North American Arctic & Subarctic Ericaceous Dwarf-shrub Tundra",2018-05-17 12:00:00,"","D. Faber-Langendoen"
1042125,860794,"G369","North American Arctic & Subarctic Low Shrub Tundra","<i>Betula nana - Salix pulchra - Vaccinium uliginosum</i> Tundra Group","North American Arctic & Subarctic Low Shrub Tundra",2018-05-17 12:00:00,"sole successor of G828","D. Faber-Langendoen"
1042120,860794,"G369","North American Arctic & Subarctic Low Shrub Tundra","<i>Betula nana - Salix pulchra - Vaccinium uliginosum</i> Tundra Group","North American Arctic & Subarctic Low Shrub Tundra",2018-05-17 12:00:00,"one of two successors of G827","D. Faber-Langendoen"
1042115,860794,"G369","North American Arctic & Subarctic Low Shrub Tundra","<i>Betula nana - Salix pulchra - Vaccinium uliginosum</i> Tundra Group","North American Arctic & Subarctic Low Shrub Tundra",2018-05-17 12:00:00,"one of two successors of G827","D. Faber-Langendoen"
1041616,860819,"G612","Arctic Dune & Coastal Beach","<i>Leymus mollis - Honckenya peploides - Lathyrus japonicus var. maritimus</i> Beach &amp; Dune Group","Arctic Dune & Coastal Beach",2018-05-15 12:00:00,"","D. Faber-Langendoen"
1041615,860819,"G612","Arctic Dune & Coastal Beach","<i>Leymus mollis - Honckenya peploides - Lathyrus japonicus var. maritimus</i> Beach &amp; Dune Group","Arctic Dune & Coastal Beach",2018-05-15 12:00:00,"","D. Faber-Langendoen"
1042090,860853,"G614","North American Arctic & Subarctic Dwarf Willow Tundra","<i>Salix polaris - Salix reticulata - Salix phlebophylla</i> Dwarf-shrubland Tundra Group","North American Arctic & Subarctic Dwarf Willow Tundra",2018-05-17 12:00:00,"","D. Faber-Langendoen"
1042080,860853,"G614","North American Arctic & Subarctic Dwarf Willow Tundra","<i>Salix polaris - Salix reticulata - Salix phlebophylla</i> Dwarf-shrubland Tundra Group","North American Arctic & Subarctic Dwarf Willow Tundra",2018-05-17 12:00:00,"","D. Faber-Langendoen"
860858,860855,"G608","Micronesian Coastal Herbaceous Vegetation","Micronesian Coastal Herbaceous Vegetation Group","Micronesian Coastal Herbaceous Vegetation",2020-09-14 12:00:00,"","P. Comer"
1041526,860830,"G256","North Pacific Maritime Swamp Forest","<i>Tsuga heterophylla - Alnus rubra / Lysichiton americanus</i> Swamp Forest Group","North Pacific Maritime Swamp Forest",2018-05-21 12:00:00,"","D. Faber-Langendoen"
1041519,860830,"G256","North Pacific Maritime Swamp Forest","<i>Tsuga heterophylla - Alnus rubra / Lysichiton americanus</i> Swamp Forest Group","North Pacific Maritime Swamp Forest",2018-05-21 12:00:00,"","D. Faber-Langendoen"
1041047,860865,"G350","Alaskan-Yukon Boreal Mesic-Moist Black Spruce Forest","<i>Picea mariana</i> Alaskan-Yukon Boreal Forest Group","Alaskan-Yukon Boreal Mesic-Moist Black Spruce Forest",2018-05-23 12:00:00,"","D. Faber-Langendoen"
1041062,860865,"G350","Alaskan-Yukon Boreal Mesic-Moist Black Spruce Forest","<i>Picea mariana</i> Alaskan-Yukon Boreal Forest Group","Alaskan-Yukon Boreal Mesic-Moist Black Spruce Forest",2018-05-23 12:00:00,"","D. Faber-Langendoen"
1042060,860886,"G366","North American Arctic & Subarctic Dryas Dwarf-shrub Tundra","<i>Dryas octopetala - Dryas integrifolia</i> Dwarf-shrub Tundra Group","North American Arctic & Subarctic Dryas Dwarf-shrub Tundra",2018-05-17 12:00:00,"","D. Faber-Langendoen"
1042050,860886,"G366","North American Arctic & Subarctic Dryas Dwarf-shrub Tundra","<i>Dryas octopetala - Dryas integrifolia</i> Dwarf-shrub Tundra Group","North American Arctic & Subarctic Dryas Dwarf-shrub Tundra",2018-05-17 12:00:00,"","D. Faber-Langendoen"
860870,860873,"G444","Hawaiian Ruderal High Montane Cliff, Scree & Rock Vegetation","Hawaiian Ruderal High Montane Cliff, Scree &amp; Rock Vegetation Group","Hawaiian Ruderal High Montane Cliff, Scree & Rock Vegetation",2016-05-26 12:00:00,"","K.A. Schulz"
1299006,860268,"F013","Temperate to Polar Freshwater Marsh, Wet Meadow & Shrubland","Temperate to Polar Freshwater Marsh, Wet Meadow &amp; Shrubland Formation","Temperate to Polar Freshwater Marsh, Wet Meadow & Shrubland",2024-01-23 12:00:00,"merge of 2.C.3 and 2.C.4","D. Faber-Langendoen"
1041730,860781,"G547","Western Boreal Alkaline Swamp","<i>Alnus incana ssp. tenuifolia</i> Alkaline Swamp Group","Western Boreal Alkaline Swamp",2018-05-16 12:00:00,"","D. Faber-Langendoen"
1041719,860781,"G547","Western Boreal Alkaline Swamp","<i>Alnus incana ssp. tenuifolia</i> Alkaline Swamp Group","Western Boreal Alkaline Swamp",2018-05-16 12:00:00,"","D. Faber-Langendoen"
1041690,860610,"M075","Western North American Montane-Subalpine-Boreal Marsh, Wet Meadow & Shrubland","<i>Alnus viridis ssp. sinuata / Carex utriculata</i> Marsh, Wet Meadow &amp; Shrubland Macrogroup","Western North American Montane-Subalpine-Boreal Marsh, Wet Meadow & Shrubland",2018-05-22 12:00:00,"","D. Faber-Langendoen"
1041701,860610,"M075","Western North American Montane-Subalpine-Boreal Marsh, Wet Meadow & Shrubland","<i>Alnus viridis ssp. sinuata / Carex utriculata</i> Marsh, Wet Meadow &amp; Shrubland Macrogroup","Western North American Montane-Subalpine-Boreal Marsh, Wet Meadow & Shrubland",2018-05-22 12:00:00,"","D. Faber-Langendoen"
1041901,860747,"G375","North American Arctic Cliff, Scree & Rock Vegetation","<i>Draba</i> spp. - <i>Saxifraga</i> spp. Arctic Cliff, Scree &amp; Rock Vegetation Group","North American Arctic Cliff, Scree & Rock Vegetation",2018-05-16 12:00:00,"","D. Faber-Langendoen"
1299011,877233,"F057","Temperate to Polar Freshwater Aquatic Vegetation","Temperate to Polar Freshwater Aquatic Vegetation Formation","Temperate to Polar Freshwater Aquatic Vegetation",2024-01-23 12:00:00,"","D. Faber-Langendoen"
1299020,877237,"F055","Benthic Lichen Saltwater Vegetation","Benthic Lichen Saltwater Vegetation Formation","Benthic Lichen Saltwater Vegetation",2024-01-23 12:00:00,"split of 5.A","D. Faber-Langendoen"
1299019,877237,"F055","Benthic Lichen Saltwater Vegetation","Benthic Lichen Saltwater Vegetation Formation","Benthic Lichen Saltwater Vegetation",2024-01-23 12:00:00,"split of 5.A","D. Faber-Langendoen"
1299018,877237,"F055","Benthic Lichen Saltwater Vegetation","Benthic Lichen Saltwater Vegetation Formation","Benthic Lichen Saltwater Vegetation",2024-01-23 12:00:00,"split of 5.A","D. Faber-Langendoen"
1299017,877237,"F055","Benthic Lichen Saltwater Vegetation","Benthic Lichen Saltwater Vegetation Formation","Benthic Lichen Saltwater Vegetation",2024-01-23 12:00:00,"split of 5.A","D. Faber-Langendoen"
926768,871297,"A1386","Scirpus cyperinus Wet Meadow Alliance","<i>Scirpus cyperinus</i> Wet Meadow Alliance","Woolgrass Wet Meadow",2019-02-05 12:00:00,"","D. Faber-Langendoen"
1299011,877231,"F056","Tropical Freshwater Aquatic Vegetation","Tropical Freshwater Aquatic Vegetation Formation","Tropical Freshwater Aquatic Vegetation",2024-01-23 12:00:00,"","D. Faber-Langendoen"
769486,878879,"CEPS009682","Cercis orbiculata Seep Shrubland [Park Special]","<i>Cercis orbiculata</i> Seep Shrubland [Park Special]","",2016-09-20 12:00:00,"CEPS009682 is covered by (merged into) CEGL002359","M. Reid"
971941,899265,"A3140","Ephedra nevadensis Scrub Alliance","<i>Ephedra nevadensis</i> Scrub Alliance","Nevada Joint-fir Scrub",2016-11-11 12:00:00,"","K.A. Schulz"
971941,899266,"A3141","Ephedra viridis Mojave Desert Shrubland Alliance","<i>Ephedra viridis</i> Mojave Desert Shrubland Alliance","Mormon-tea Mojave Desert Shrubland",2016-11-11 12:00:00,"","K. Schulz"
971941,899267,"A3142","Lycium andersonii - Lycium cooperi Scrub Alliance","<i>Lycium andersonii - Lycium cooperi</i> Scrub Alliance","Water Jacket - Peach-thorn Scrub",2016-11-11 12:00:00,"","K. Schulz"
1171239,898988,"A0378","Magnolia virginiana - Nyssa biflora - Quercus laurifolia Southeast Swamp Alliance","<i>Magnolia virginiana</i> - <i>Nyssa biflora</i> - <i>Quercus laurifolia</i> Southeast Swamp Alliance","Southeastern Coastal Plain Sweetbay - Mixed Hardwood Swamp",2020-12-09 12:00:00,"split off (NVC128)","D. Faber-Langendoen"
1094025,899713,"A3656","Cornus sericea - Salix spp. Shrub Swamp Alliance","<i>Cornus sericea - Salix</i> spp. Shrub Swamp Alliance","Red-osier Dogwood - Willow Shrub Swamp",2019-02-05 12:00:00,"","D. Faber-Langendoen"
1093954,899713,"A3656","Cornus sericea - Salix spp. Shrub Swamp Alliance","<i>Cornus sericea - Salix</i> spp. Shrub Swamp Alliance","Red-osier Dogwood - Willow Shrub Swamp",2019-02-05 12:00:00,"","D. Faber-Langendoen"
1093954,899736,"A3684","Alnus incana - Cornus amomum Alluvial & Tidal Shrub Swamp Alliance","<i>Alnus incana - Cornus amomum</i> Alluvial &amp; Tidal Shrub Swamp Alliance","Alluvial & Tidal Alder - Dogwood Shrub Swamp",2019-02-05 12:00:00,"","D. Faber-Langendoen"
1093938,899736,"A3684","Alnus incana - Cornus amomum Alluvial & Tidal Shrub Swamp Alliance","<i>Alnus incana - Cornus amomum</i> Alluvial &amp; Tidal Shrub Swamp Alliance","Alluvial & Tidal Alder - Dogwood Shrub Swamp",2019-02-05 12:00:00,"","D. Faber-Langendoen"
1085089,899619,"A3496","Juniperus osteosperma Shrubby Woodland Alliance","<i>Juniperus osteosperma</i> Shrubby Woodland Alliance","Utah Juniper Shrubby Woodland",2019-01-10 12:00:00,"","D. Faber-Langendoen"
1085078,899619,"A3496","Juniperus osteosperma Shrubby Woodland Alliance","<i>Juniperus osteosperma</i> Shrubby Woodland Alliance","Utah Juniper Shrubby Woodland",2019-01-10 12:00:00,"","D. Faber-Langendoen"
1041534,899808,"A3756","Tsuga heterophylla - Picea sitchensis / Lysichiton americanus Swamp Forest Alliance","<i>Tsuga heterophylla - Picea sitchensis / Lysichiton americanus</i> Swamp Forest Alliance","Northern Pacific Western Hemlock - Sitka Spruce Lowland Swamp Forest",2018-05-15 12:00:00,"","D. Faber-Langendoen"
1041531,899808,"A3756","Tsuga heterophylla - Picea sitchensis / Lysichiton americanus Swamp Forest Alliance","<i>Tsuga heterophylla - Picea sitchensis / Lysichiton americanus</i> Swamp Forest Alliance","Northern Pacific Western Hemlock - Sitka Spruce Lowland Swamp Forest",2018-05-15 12:00:00,"","D. Faber-Langendoen"
1093904,894451,"G771","Laurentian-Northeastern Wet Meadow","<i>Carex</i> spp. - <i>Calamagrostis canadensis - Scirpus cyperinus</i> Wet Meadow Group","Laurentian-Northeastern Wet Meadow",2019-02-05 12:00:00,"","D. Faber-Langendoen"
1093866,894451,"G771","Laurentian-Northeastern Wet Meadow","<i>Carex</i> spp. - <i>Calamagrostis canadensis - Scirpus cyperinus</i> Wet Meadow Group","Laurentian-Northeastern Wet Meadow",2019-02-05 12:00:00,"","D. Faber-Langendoen"
1298982,860241,"F008","Cool Temperate Forest & Woodland","Cool Temperate Forest &amp; Woodland Formation","Cool Temperate Forest & Woodland",2024-01-23 12:00:00,"split of 1.B.2","D. Faber-Langendoen"
1298978,860241,"F008","Cool Temperate Forest & Woodland","Cool Temperate Forest &amp; Woodland Formation","Cool Temperate Forest & Woodland",2024-01-23 12:00:00,"split of 1.B.2","D. Faber-Langendoen"
1298977,860241,"F008","Cool Temperate Forest & Woodland","Cool Temperate Forest &amp; Woodland Formation","Cool Temperate Forest & Woodland",2024-01-23 12:00:00,"split of 1.B.2","D. Faber-Langendoen"
1333041,860241,"F008","Cool Temperate Forest & Woodland","Cool Temperate Forest &amp; Woodland Formation","Cool Temperate Forest & Woodland",2024-12-06 12:00:00,"largely equivalent","D. Faber-Langendoen"
1298989,860266,"F028","Boreal Grassland & Shrubland","Boreal Grassland &amp; Shrubland Formation","Boreal Grassland & Shrubland",2024-01-23 12:00:00,"same concept","D. Faber-Langendoen"
1042143,860724,"G615","North American Arctic & Subarctic Mesic Herb Tundra","<i>Carex microchaeta ssp. nesophila - Carex bigelowii - Festuca altaica</i> Tundra Group","North American Arctic & Subarctic Mesic Herb Tundra",2018-05-17 12:00:00,"","D. Faber-Langendoen"
1298967,926082,"S44","Shrub & Herb Wetland","Shrub &amp; Herb Wetland Subclass","Shrub & Herb Wetland",2024-01-23 12:00:00,"","D. Faber-Langendoen"
1298962,926082,"S44","Shrub & Herb Wetland","Shrub &amp; Herb Wetland Subclass","Shrub & Herb Wetland",2024-01-23 12:00:00,"","D. Faber-Langendoen"
1298961,926082,"S44","Shrub & Herb Wetland","Shrub &amp; Herb Wetland Subclass","Shrub & Herb Wetland",2024-01-23 12:00:00,"","D. Faber-Langendoen"
1299012,860238,"F005","Temperate to Polar Scrub & Herb Coastal Vegetation","Temperate to Polar Scrub &amp; Herb Coastal Vegetation Formation","Temperate to Polar Scrub & Herb Coastal Vegetation",2024-01-23 12:00:00,"","D. Faber-Langendoen"
1299022,860238,"F005","Temperate to Polar Scrub & Herb Coastal Vegetation","Temperate to Polar Scrub &amp; Herb Coastal Vegetation Formation","Temperate to Polar Scrub & Herb Coastal Vegetation",2024-01-23 12:00:00,"","D. Faber-Langendoen"
1299021,860238,"F005","Temperate to Polar Scrub & Herb Coastal Vegetation","Temperate to Polar Scrub &amp; Herb Coastal Vegetation Formation","Temperate to Polar Scrub & Herb Coastal Vegetation",2024-01-23 12:00:00,"","D. Faber-Langendoen"
1085042,838628,"M026","Intermountain Singleleaf Pinyon - Juniper Woodland","<i>Pinus monophylla - Juniperus osteosperma - Juniperus occidentalis</i> Intermountain Woodland Macrogroup","Intermountain Singleleaf Pinyon - Juniper Woodland",2019-01-10 12:00:00,"","D. Faber-Langendoen"
1298991,860250,"F033","Cool Semi-Desert Scrub & Grassland","Cool Semi-Desert Scrub & Grassland Formation","Cool Semi-Desert Scrub & Grassland",2024-01-23 12:00:00,"largely equivalent","D. Faber-Langendoen"
1042125,959756,"G828","North American Arctic & Subarctic Dwarf Birch Tundra","<i>Betula nana</i> Tundra Group","North American Arctic & Subarctic Dwarf Birch Tundra",2018-05-17 12:00:00,"","D. Faber-Langendoen"
1042120,959747,"G827","North American Arctic & Subarctic Low Willow Tundra","<i>Salix richardsonii - Salix pulchra - Salix glauca</i> Tundra Group","North American Arctic & Subarctic Low Willow Tundra",2018-05-17 12:00:00,"","D. Faber-Langendoen"
1042115,959747,"G827","North American Arctic & Subarctic Low Willow Tundra","<i>Salix richardsonii - Salix pulchra - Salix glauca</i> Tundra Group","North American Arctic & Subarctic Low Willow Tundra",2018-05-17 12:00:00,"","D. Faber-Langendoen"
1042190,959761,"G829","North American Arctic & Subarctic Moist Tundra","<i>Salix pulchra - Cassiope tetragona - Eriophorum angustifolium</i> Moist Tundra Group","North American Arctic & Subarctic Moist Tundra",2018-05-17 12:00:00,"","D. Faber-Langendoen"
1298986,860245,"F012","Temperate Grassland & Shrubland","Temperate Grassland &amp; Shrubland Formation","Temperate Grassland & Shrubland",2024-01-23 12:00:00,"split of 2.B.2","D. Faber-Langendoen"
1298949,860245,"F012","Temperate Grassland & Shrubland","Temperate Grassland &amp; Shrubland Formation","Temperate Grassland & Shrubland",2024-12-06 12:00:00,"largely equivalent","D. Faber-Langendoen"
1298988,860245,"F012","Temperate Grassland & Shrubland","Temperate Grassland &amp; Shrubland Formation","Temperate Grassland & Shrubland",2024-01-23 12:00:00,"split of 2.B.2","D. Faber-Langendoen"
860481,1167514,"CM051","Great Plains Mixedgrass Prairie","Great Plains Mixedgrass Prairie","Great Plains Mixedgrass Prairie",2025-12-30 12:00:00,"",""
1298932,860213,"C04","Polar & High Montane Scrub, Grassland & Barrens","Cryomorphic Scrub, Herb &amp; Cryptogam Vegetation Class","Polar & High Montane Scrub, Grassland & Barrens",2024-01-23 12:00:00,"same concept","D. Faber-Langendoen"
1298930,860218,"C06","Open Rock Vegetation","Cryptogam - Open Mesomorphic Vegetation Class","Open Rock Vegetation",2024-01-23 12:00:00,"","D. Faber-Langendoen"
1298929,860218,"C06","Open Rock Vegetation","Cryptogam - Open Mesomorphic Vegetation Class","Open Rock Vegetation",2024-01-23 12:00:00,"","D. Faber-Langendoen"
1298951,860218,"C06","Open Rock Vegetation","Cryptogam - Open Mesomorphic Vegetation Class","Open Rock Vegetation",2024-01-23 12:00:00,"","D. Faber-Langendoen"
1298948,860218,"C06","Open Rock Vegetation","Cryptogam - Open Mesomorphic Vegetation Class","Open Rock Vegetation",2024-01-23 12:00:00,"","D. Faber-Langendoen"
1298943,860232,"S17","Tropical Forest & Woodland","Tropical Forest &amp; Woodland Subclass","Tropical Forest & Woodland",2024-01-23 12:00:00,"","D. Faber-Langendoen"
1298942,860232,"S17","Tropical Forest & Woodland","Tropical Forest &amp; Woodland Subclass","Tropical Forest & Woodland",2024-01-23 12:00:00,"","D. Faber-Langendoen"
1298966,860232,"S17","Tropical Forest & Woodland","Tropical Forest &amp; Woodland Subclass","Tropical Forest & Woodland",2024-01-23 12:00:00,"","D. Faber-Langendoen"
1298960,860232,"S17","Tropical Forest & Woodland","Tropical Forest &amp; Woodland Subclass","Tropical Forest & Woodland",2024-01-23 12:00:00,"","D. Faber-Langendoen"
1298927,860232,"S17","Tropical Forest & Woodland","Tropical Forest &amp; Woodland Subclass","Tropical Forest & Woodland",2024-01-23 12:00:00,"largely equivalent","D. Faber-Langendoen"
1299010,860271,"F002","Tropical Bog & Fen","Tropical Bog & Fen Formation","Tropical Bog & Fen",2024-01-23 12:00:00,"","D. Faber-Langendoen"
1299009,860271,"F002","Tropical Bog & Fen","Tropical Bog & Fen Formation","Tropical Bog & Fen",2024-01-23 12:00:00,"","D. Faber-Langendoen"
1298976,860236,"F001","Boreal Forest & Woodland","Boreal Forest &amp; Woodland Ecobiome","Boreal Forest & Woodland",2024-01-23 12:00:00,"same concept","D. Faber-Langendoen"
1299010,860253,"F016","Temperate to Polar Bog & Fen","Temperate to Polar Bog &amp; Fen Formation","Temperate to Polar Bog & Fen",2024-01-23 12:00:00,"","D. Faber-Langendoen"
1299009,860253,"F016","Temperate to Polar Bog & Fen","Temperate to Polar Bog &amp; Fen Formation","Temperate to Polar Bog & Fen",2024-01-23 12:00:00,"","D. Faber-Langendoen"
1207720,1232913,"CM742b","Cool Eastern Canadian Temperate Deciduous Forest","Cool Eastern Canadian Temperate Deciduous Forest","Cool Eastern Canadian Temperate Deciduous Forest",2025-12-30 12:00:00,"",""
838549,1232913,"CM742b","Cool Eastern Canadian Temperate Deciduous Forest","Cool Eastern Canadian Temperate Deciduous Forest","Cool Eastern Canadian Temperate Deciduous Forest",2025-12-30 12:00:00,"",""
877316,1232915,"CM742a","Warm Eastern Canadian Temperate Deciduous Forest","Warm Eastern Canadian Temperate Deciduous Forest","Warm Eastern Canadian Temperate Deciduous Forest",2025-12-30 12:00:00,"especially G650, and some G016",""
931837,1232915,"CM742a","Warm Eastern Canadian Temperate Deciduous Forest","Warm Eastern Canadian Temperate Deciduous Forest","Warm Eastern Canadian Temperate Deciduous Forest",2025-12-30 12:00:00,"especially G742",""
857345,1267569,"G969","North Pacific Dry & Mesic Alpine Dwarf-shrubland, Fell-Field & Meadow","<i>Empetrum nigrum - Phyllodoce empetriformis - Cassiope mertensiana</i> Alpine-Subalpine, Fell-field & Heath Group","North Pacific Dry & Mesic Alpine Dwarf-shrubland, Fell-Field & Meadow",2024-05-16 11:21:37,"",""
857338,1267569,"G969","North Pacific Dry & Mesic Alpine Dwarf-shrubland, Fell-Field & Meadow","<i>Empetrum nigrum - Phyllodoce empetriformis - Cassiope mertensiana</i> Alpine-Subalpine, Fell-field & Heath Group","North Pacific Dry & Mesic Alpine Dwarf-shrubland, Fell-Field & Meadow",2024-05-16 11:21:37,"",""
860815,1161750,"G937","Polynesian Ruderal Dry Woodland & Scrub","Polynesian Ruderal Dry Woodland & Scrub Group","Polynesian Ruderal Dry Woodland & Scrub",2024-01-23 12:00:00,"same concept","D. Faber-Langendoen"
1298927,860216,"C03","Desert & Semi-Desert","Xeromorphic Woodland, Scrub & Herb Vegetation Class","Desert & Semi-Desert",2024-01-23 12:00:00,"minor predecessor","D. Faber-Langendoen"
1298931,860216,"C03","Desert & Semi-Desert","Xeromorphic Woodland, Scrub & Herb Vegetation Class","Desert & Semi-Desert",2024-01-23 12:00:00,"largely equivalent","D. Faber-Langendoen"
1333042,860233,"S18","Temperate & Boreal Grassland & Shrubland","Temperate & Boreal Grassland & Shrubland Subclass","Temperate & Boreal Grassland & Shrubland",2024-12-06 12:00:00,"","D. Faber-Langendoen"
1298950,860233,"S18","Temperate & Boreal Grassland & Shrubland","Temperate & Boreal Grassland & Shrubland Subclass","Temperate & Boreal Grassland & Shrubland",2024-01-23 12:00:00,"","D. Faber-Langendoen"
1298949,860233,"S18","Temperate & Boreal Grassland & Shrubland","Temperate & Boreal Grassland & Shrubland Subclass","Temperate & Boreal Grassland & Shrubland",2024-01-23 12:00:00,"","D. Faber-Langendoen"
1298968,860233,"S18","Temperate & Boreal Grassland & Shrubland","Temperate & Boreal Grassland & Shrubland Subclass","Temperate & Boreal Grassland & Shrubland",2024-01-23 12:00:00,"","D. Faber-Langendoen"
1298964,860233,"S18","Temperate & Boreal Grassland & Shrubland","Temperate & Boreal Grassland & Shrubland Subclass","Temperate & Boreal Grassland & Shrubland",2024-01-23 12:00:00,"","D. Faber-Langendoen"
1298930,860233,"S18","Temperate & Boreal Grassland & Shrubland","Temperate & Boreal Grassland & Shrubland Subclass","Temperate & Boreal Grassland & Shrubland",2024-01-23 12:00:00,"largely equivalent","D. Faber-Langendoen"
1298948,860220,"S02","Tropical Open Rock Vegetation","Tropical Open Rock Vegetation Subclass","Tropical Open Rock Vegetation",2024-01-23 12:00:00,"same concept","D. Faber-Langendoen"
1298981,860255,"F018","Warm Temperate Forest & Woodland","Warm Temperate Forest &amp; Woodland Formation","Warm Temperate Forest & Woodland",2024-01-23 12:00:00,"split of 1.B.1","D. Faber-Langendoen"
1298979,860255,"F018","Warm Temperate Forest & Woodland","Warm Temperate Forest &amp; Woodland Formation","Warm Temperate Forest & Woodland",2024-01-23 12:00:00,"split of 1.B.1","D. Faber-Langendoen"
1298945,860255,"F018","Warm Temperate Forest & Woodland","Warm Temperate Forest &amp; Woodland Formation","Warm Temperate Forest & Woodland",2024-12-06 12:00:00,"largely equivalent","D. Faber-Langendoen"
1299012,860259,"F024","Tropical Scrub & Herb Coastal Vegetation","Tropical Scrub & Herb Coastal Vegetation Formation","Tropical Scrub & Herb Coastal Vegetation",2024-01-23 12:00:00,"","D. Faber-Langendoen"
1299022,860259,"F024","Tropical Scrub & Herb Coastal Vegetation","Tropical Scrub & Herb Coastal Vegetation Formation","Tropical Scrub & Herb Coastal Vegetation",2024-01-23 12:00:00,"","D. Faber-Langendoen"
1299021,860259,"F024","Tropical Scrub & Herb Coastal Vegetation","Tropical Scrub & Herb Coastal Vegetation Formation","Tropical Scrub & Herb Coastal Vegetation",2024-01-23 12:00:00,"","D. Faber-Langendoen"
1299006,860247,"F030","Tropical Freshwater Marsh, Wet Meadow & Shrubland","Tropical Freshwater Marsh, Wet Meadow & Shrubland Formation","Tropical Freshwater Marsh, Wet Meadow & Shrubland",2024-01-23 12:00:00,"merge of 2.C.3 and 2.C.4","D. Faber-Langendoen"
1298997,860272,"F037","Temperate & Boreal Alpine Tundra","Temperate &amp; Boreal Alpine Tundra Formation","Temperate & Boreal Alpine Tundra",2024-01-23 12:00:00,"largely equivalent","D. Faber-Langendoen"
1299020,877225,"F053","Benthic Macroalgae Saltwater Vegetation","Benthic Macroalgae Saltwater Vegetation Formation","Benthic Macroalgae Saltwater Vegetation",2024-01-23 12:00:00,"split of 5.A","D. Faber-Langendoen"
1299019,877225,"F053","Benthic Macroalgae Saltwater Vegetation","Benthic Macroalgae Saltwater Vegetation Formation","Benthic Macroalgae Saltwater Vegetation",2024-01-23 12:00:00,"split of 5.A","D. Faber-Langendoen"
1299018,877225,"F053","Benthic Macroalgae Saltwater Vegetation","Benthic Macroalgae Saltwater Vegetation Formation","Benthic Macroalgae Saltwater Vegetation",2024-01-23 12:00:00,"split of 5.A","D. Faber-Langendoen"
1299017,877225,"F053","Benthic Macroalgae Saltwater Vegetation","Benthic Macroalgae Saltwater Vegetation Formation","Benthic Macroalgae Saltwater Vegetation",2024-01-23 12:00:00,"split of 5.A","D. Faber-Langendoen"
1298967,860226,"S09","Saltwater Aquatic Vegetation","Saltwater Aquatic Vegetation Subclass","Saltwater Aquatic Vegetation",2024-01-23 12:00:00,"","D. Faber-Langendoen"
1298956,860231,"S16","Tropical High Montane Scrub & Grassland","Tropical High Montane Scrub & Grassland Subclass","Tropical High Montane Scrub & Grassland",2024-01-23 12:00:00,"","D. Faber-Langendoen"
1298956,860219,"S01","Tropical Grassland, Savanna & Shrubland","Tropical Grassland, Savanna & Shrubland Subclass","Tropical Grassland, Savanna & Shrubland",2024-01-23 12:00:00,"","D. Faber-Langendoen"
1298947,860219,"S01","Tropical Grassland, Savanna & Shrubland","Tropical Grassland, Savanna & Shrubland Subclass","Tropical Grassland, Savanna & Shrubland",2024-01-23 12:00:00,"","D. Faber-Langendoen"
1298946,860219,"S01","Tropical Grassland, Savanna & Shrubland","Tropical Grassland, Savanna & Shrubland Subclass","Tropical Grassland, Savanna & Shrubland",2024-01-23 12:00:00,"","D. Faber-Langendoen"
1298968,860219,"S01","Tropical Grassland, Savanna & Shrubland","Tropical Grassland, Savanna & Shrubland Subclass","Tropical Grassland, Savanna & Shrubland",2024-01-23 12:00:00,"","D. Faber-Langendoen"
1298964,860219,"S01","Tropical Grassland, Savanna & Shrubland","Tropical Grassland, Savanna & Shrubland Subclass","Tropical Grassland, Savanna & Shrubland",2024-01-23 12:00:00,"","D. Faber-Langendoen"
1298929,860219,"S01","Tropical Grassland, Savanna & Shrubland","Tropical Grassland, Savanna & Shrubland Subclass","Tropical Grassland, Savanna & Shrubland",2024-01-23 12:00:00,"largely equivalent","D. Faber-Langendoen"
1089379,871049,"A0524","Pinus rigida Woodland Alliance","<i>Pinus rigida</i> Woodland Alliance","Northern Pitch Pine Barrens",2019-01-24 12:00:00,"","D. Faber-Langendoen"
971941,899387,"A3263","Hymenoclea salsola - Salazaria mexicana - Lycium andersonii Northern Mojave Desert Wash Alliance","<i>Hymenoclea salsola - Salazaria mexicana - Lycium andersonii</i> Northern Mojave Desert Wash Alliance","Northern Mojave Burrobrush - Mexican Bladdersage - Water Jacket Desert Wash",2016-11-11 12:00:00,"","K. Schulz"
899517,899599,"A3476","Panicum virgatum Southern Interior Marsh Alliance","<i>Panicum virgatum</i> Southern Interior Marsh Alliance","Southern Interior Switchgrass Depression Pond Marsh",2019-02-05 12:00:00,"","D. Faber-Langendoen"
1298984,860254,"F017","Tropical Montane Grassland & Shrubland","Tropical Montane Grassland & Shrubland Formation","Tropical Montane Grassland & Shrubland",2024-01-23 12:00:00,"","D. Faber-Langendoen"
1207718,1167508,"CM744","Acadian Temperate Forest","Acadian Temperate Forest","Acadian Temperate Forest",2025-04-21 12:00:00,"CNVC type merged into its IVC counterpart","D.Faber-Langendoen"
979484,685024,"CEGL002670","Thuja plicata - Tsuga heterophylla / Lysichiton americanus Swamp Forest","<i>Thuja plicata - Tsuga heterophylla / Lysichiton americanus</i> Swamp Forest","",2017-01-17 12:00:00,"","Coastal Correlation"
1344238,872774,"G646","Boreal Subalpine Woodland","<i>Picea glauca - Vaccinium uliginosum - Empetrum nigrum</i> Boreal Subalpine Woodland Group","Boreal Subalpine Woodland",2025-03-05 12:00:00,"","D. Faber-Langendoen"
